{
    "name": "root",
    "gauges": {
        "Ball.Policy.Entropy.mean": {
            "value": 1.418938398361206,
            "min": 1.418938398361206,
            "max": 1.418938398361206,
            "count": 1
        },
        "Ball.Policy.Entropy.sum": {
            "value": 18243.291015625,
            "min": 18243.291015625,
            "max": 18243.291015625,
            "count": 1
        },
        "Ball.Environment.EpisodeLength.mean": {
            "value": 988.0,
            "min": 988.0,
            "max": 988.0,
            "count": 1
        },
        "Ball.Environment.EpisodeLength.sum": {
            "value": 12844.0,
            "min": 12844.0,
            "max": 12844.0,
            "count": 1
        },
        "Ball.Step.mean": {
            "value": 11857.0,
            "min": 11857.0,
            "max": 11857.0,
            "count": 1
        },
        "Ball.Step.sum": {
            "value": 11857.0,
            "min": 11857.0,
            "max": 11857.0,
            "count": 1
        },
        "Ball.Policy.ExtrinsicValueEstimate.mean": {
            "value": 1.8675740957260132,
            "min": 1.8675740957260132,
            "max": 1.8675740957260132,
            "count": 1
        },
        "Ball.Policy.ExtrinsicValueEstimate.sum": {
            "value": 22.410888671875,
            "min": 22.410888671875,
            "max": 22.410888671875,
            "count": 1
        },
        "Ball.Environment.CumulativeReward.mean": {
            "value": -0.9038417538007101,
            "min": -0.9038417538007101,
            "max": -0.9038417538007101,
            "count": 1
        },
        "Ball.Environment.CumulativeReward.sum": {
            "value": -10.84610104560852,
            "min": -10.84610104560852,
            "max": -10.84610104560852,
            "count": 1
        },
        "Ball.Policy.ExtrinsicReward.mean": {
            "value": -0.9038417538007101,
            "min": -0.9038417538007101,
            "max": -0.9038417538007101,
            "count": 1
        },
        "Ball.Policy.ExtrinsicReward.sum": {
            "value": -10.84610104560852,
            "min": -10.84610104560852,
            "max": -10.84610104560852,
            "count": 1
        },
        "Ball.IsTraining.mean": {
            "value": 1.0,
            "min": 1.0,
            "max": 1.0,
            "count": 1
        },
        "Ball.IsTraining.sum": {
            "value": 1.0,
            "min": 1.0,
            "max": 1.0,
            "count": 1
        }
    },
    "metadata": {
        "timer_format_version": "0.1.0",
        "start_time_seconds": "1637091658",
        "python_version": "3.6.3 |Anaconda, Inc.| (default, Dec  5 2017, 17:30:25) \n[GCC 4.2.1 Compatible Clang 4.0.1 (tags/RELEASE_401/final)]",
        "command_line_arguments": "/opt/miniconda3/envs/test-ml2/bin/mlagents-learn config/ppo.yaml --run-id=Ball8",
        "mlagents_version": "0.27.0",
        "mlagents_envs_version": "0.27.0",
        "communication_protocol_version": "1.5.0",
        "pytorch_version": "1.8.1",
        "numpy_version": "1.19.5",
        "end_time_seconds": "1637091818"
    },
    "total": 159.23163387499517,
    "count": 1,
    "self": 0.005146167939528823,
    "children": {
        "run_training.setup": {
            "total": 0.02990716602653265,
            "count": 1,
            "self": 0.02990716602653265
        },
        "TrainerController.start_learning": {
            "total": 159.1965805410291,
            "count": 1,
            "self": 0.20785253948997706,
            "children": {
                "TrainerController._reset_env": {
                    "total": 8.128804666048381,
                    "count": 1,
                    "self": 8.128804666048381
                },
                "TrainerController.advance": {
                    "total": 150.73781325144228,
                    "count": 16585,
                    "self": 0.1843018500949256,
                    "children": {
                        "env_step": {
                            "total": 146.19089638639707,
                            "count": 16585,
                            "self": 137.83541686780518,
                            "children": {
                                "SubprocessEnvManager._take_step": {
                                    "total": 8.211049234087113,
                                    "count": 16585,
                                    "self": 0.5045125067699701,
                                    "children": {
                                        "TorchPolicy.evaluate": {
                                            "total": 7.706536727317143,
                                            "count": 16569,
                                            "self": 1.5037013156688772,
                                            "children": {
                                                "TorchPolicy.sample_actions": {
                                                    "total": 6.202835411648266,
                                                    "count": 16569,
                                                    "self": 6.202835411648266
                                                }
                                            }
                                        }
                                    }
                                },
                                "workers": {
                                    "total": 0.14443028450477868,
                                    "count": 16584,
                                    "self": 0.0,
                                    "children": {
                                        "worker_root": {
                                            "total": 158.75009803980356,
                                            "count": 16584,
                                            "is_parallel": true,
                                            "self": 29.82769977010321,
                                            "children": {
                                                "run_training.setup": {
                                                    "total": 0.0,
                                                    "count": 0,
                                                    "is_parallel": true,
                                                    "self": 0.0,
                                                    "children": {
                                                        "steps_from_proto": {
                                                            "total": 0.003538082994055003,
                                                            "count": 1,
                                                            "is_parallel": true,
                                                            "self": 0.0006274580373428762,
                                                            "children": {
                                                                "_process_rank_one_or_two_observation": {
                                                                    "total": 0.0029106249567121267,
                                                                    "count": 2,
                                                                    "is_parallel": true,
                                                                    "self": 0.0029106249567121267
                                                                }
                                                            }
                                                        },
                                                        "UnityEnvironment.step": {
                                                            "total": 0.06568600004538894,
                                                            "count": 1,
                                                            "is_parallel": true,
                                                            "self": 0.00011641706805676222,