{
    "name": "root",
    "gauges": {
        "Ball.Policy.Entropy.mean": {
            "value": 1.3861207962036133,
            "min": 1.3861207962036133,
            "max": 1.3861207962036133,
            "count": 1
        },
        "Ball.Policy.Entropy.sum": {
            "value": 16783.150390625,
            "min": 16783.150390625,
            "max": 16783.150390625,
            "count": 1
        },
        "Ball.Environment.EpisodeLength.mean": {
            "value": 30.69633507853403,
            "min": 30.69633507853403,
            "max": 30.69633507853403,
            "count": 1
        },
        "Ball.Environment.EpisodeLength.sum": {
            "value": 11726.0,
            "min": 11726.0,
            "max": 11726.0,
            "count": 1
        },
        "Ball.Step.mean": {
            "value": 11973.0,
            "min": 11973.0,
            "max": 11973.0,
            "count": 1
        },
        "Ball.Step.sum": {
            "value": 11973.0,
            "min": 11973.0,
            "max": 11973.0,
            "count": 1
        },
        "Ball.Policy.ExtrinsicValueEstimate.mean": {
            "value": 0.3343750834465027,
            "min": 0.3343750834465027,
            "max": 0.3343750834465027,
            "count": 1
        },
        "Ball.Policy.ExtrinsicValueEstimate.sum": {
            "value": 127.39690399169922,
            "min": 127.39690399169922,
            "max": 127.39690399169922,
            "count": 1
        },
        "Ball.Environment.CumulativeReward.mean": {
            "value": 1.0,
            "min": 1.0,
            "max": 1.0,
            "count": 1
        },
        "Ball.Environment.CumulativeReward.sum": {
            "value": 381.0,
            "min": 381.0,
            "max": 381.0,
            "count": 1
        },
        "Ball.Policy.ExtrinsicReward.mean": {
            "value": 1.0,
            "min": 1.0,
            "max": 1.0,
            "count": 1
        },
        "Ball.Policy.ExtrinsicReward.sum": {
            "value": 381.0,
            "min": 381.0,
            "max": 381.0,
            "count": 1
        },
        "Ball.IsTraining.mean": {
            "value": 1.0,
            "min": 1.0,
            "max": 1.0,
            "count": 1
        },
        "Ball.IsTraining.sum": {
            "value": 1.0,
            "min": 1.0,
            "max": 1.0,
            "count": 1
        }
    },
    "metadata": {
        "timer_format_version": "0.1.0",
        "start_time_seconds": "1637085187",
        "python_version": "3.6.3 |Anaconda, Inc.| (default, Dec  5 2017, 17:30:25) \n[GCC 4.2.1 Compatible Clang 4.0.1 (tags/RELEASE_401/final)]",
        "command_line_arguments": "/opt/miniconda3/envs/test-ml2/bin/mlagents-learn config/ppo.yaml --run-id=Ball1",
        "mlagents_version": "0.27.0",
        "mlagents_envs_version": "0.27.0",
        "communication_protocol_version": "1.5.0",
        "pytorch_version": "1.8.1",
        "numpy_version": "1.19.5",
        "end_time_seconds": "1637085350"
    },
    "total": 162.6945183329517,
    "count": 1,
    "self": 0.0055772919440642,
    "children": {
        "run_training.setup": {
            "total": 0.02460016601253301,
            "count": 1,
            "self": 0.02460016601253301
        },
        "TrainerController.start_learning": {
            "total": 162.6643408749951,
            "count": 1,
            "self": 0.16573665459873155,
            "children": {
                "TrainerController._reset_env": {
                    "total": 20.320380875025876,
                    "count": 1,
                    "self": 20.320380875025876
                },
                "TrainerController.advance": {
                    "total": 142.0472445123596,
                    "count": 13280,
                    "self": 0.14986600214615464,
                    "children": {
                        "env_step": {
                            "total": 137.51268545381026,
                            "count": 13280,
                            "self": 128.7538965998101,
                            "children": {
                                "SubprocessEnvManager._take_step": {
                                    "total": 8.641655082057696,
                                    "count": 13280,
                                    "self": 0.32538671005750075,
                                    "children": {
                                        "TorchPolicy.evaluate": {
                                            "total": 8.316268372000195,
                                            "count": 12853,
                                            "self": 2.2323728938936256,
                                            "children": {
                                                "TorchPolicy.sample_actions": {
                                                    "total": 6.0838954781065695,
                                                    "count": 12853,
                                                    "self": 6.0838954781065695
                                                }
                                            }
                                        }
                                    }
                                },
                                "workers": {
                                    "total": 0.11713377194246277,
                                    "count": 13279,
                                    "self": 0.0,
                                    "children": {
                                        "worker_root": {
                                            "total": 162.29564999591094,
                                            "count": 13279,
                                            "is_parallel": true,
                                            "self": 40.81261057278607,
                                            "children": {
                                                "run_training.setup": {
                                                    "total": 0.0,
                                                    "count": 0,
                                                    "is_parallel": true,
                                                    "self": 0.0,
                                                    "children": {
                                                        "steps_from_proto": {
                                                            "total": 0.00490029196953401,
                                                            "count": 1,
                                                            "is_parallel": true,
                                                            "self": 0.0016064589144662023,
                                                            "children": {
                                                                "_process_rank_one_or_two_observation": {
                                                                    "total": 0.0032938330550678074,
                                                                    "count": 2,
                                                                    "is_parallel": true,
                                                                    "self": 0.0032938330550678074
                                                                }
                                                            }
                                                        },
                                                        "UnityEnvironment.step": {
                                                            "total": 0.0480238749878481,
                                                            "count": 1,
                                                            "is_parallel": true,
                                                            "self": 0.0001254999078810215,