{
    "name": "root",
    "gauges": {
        "Ball.Policy.Entropy.mean": {
            "value": 1.4273226261138916,
            "min": 1.418938398361206,
            "max": 1.4273226261138916,
            "count": 2
        },
        "Ball.Policy.Entropy.sum": {
            "value": 17127.87109375,
            "min": 17127.87109375,
            "max": 17936.80078125,
            "count": 2
        },
        "Ball.Environment.EpisodeLength.mean": {
            "value": 999.0,
            "min": 971.3846153846154,
            "max": 999.0,
            "count": 2
        },
        "Ball.Environment.EpisodeLength.sum": {
            "value": 11988.0,
            "min": 11988.0,
            "max": 12628.0,
            "count": 2
        },
        "Ball.Step.mean": {
            "value": 23641.0,
            "min": 11641.0,
            "max": 23641.0,
            "count": 2
        },
        "Ball.Step.sum": {
            "value": 23641.0,
            "min": 11641.0,
            "max": 23641.0,
            "count": 2
        },
        "Ball.Policy.ExtrinsicValueEstimate.mean": {
            "value": 0.8296883702278137,
            "min": 0.8000826835632324,
            "max": 0.8296883702278137,
            "count": 2
        },
        "Ball.Policy.ExtrinsicValueEstimate.sum": {
            "value": 9.956260681152344,
            "min": 9.600992202758789,
            "max": 9.956260681152344,
            "count": 2
        },
        "Ball.Environment.CumulativeReward.mean": {
            "value": 0.0,
            "min": 0.0,
            "max": 0.08333333333333333,
            "count": 2
        },
        "Ball.Environment.CumulativeReward.sum": {
            "value": 0.0,
            "min": 0.0,
            "max": 1.0,
            "count": 2
        },
        "Ball.Policy.ExtrinsicReward.mean": {
            "value": 0.0,
            "min": 0.0,
            "max": 0.08333333333333333,
            "count": 2
        },
        "Ball.Policy.ExtrinsicReward.sum": {
            "value": 0.0,
            "min": 0.0,
            "max": 1.0,
            "count": 2
        },
        "Ball.IsTraining.mean": {
            "value": 1.0,
            "min": 1.0,
            "max": 1.0,
            "count": 2
        },
        "Ball.IsTraining.sum": {
            "value": 1.0,
            "min": 1.0,
            "max": 1.0,
            "count": 2
        },
        "Ball.Losses.PolicyLoss.mean": {
            "value": 0.09725572555538664,
            "min": 0.09725572555538664,
            "max": 0.09725572555538664,
            "count": 1
        },
        "Ball.Losses.PolicyLoss.sum": {
            "value": 0.09725572555538664,
            "min": 0.09725572555538664,
            "max": 0.09725572555538664,
            "count": 1
        },
        "Ball.Losses.ValueLoss.mean": {
            "value": 0.05137636806097279,
            "min": 0.05137636806097279,
            "max": 0.05137636806097279,
            "count": 1
        },
        "Ball.Losses.ValueLoss.sum": {
            "value": 0.05137636806097279,
            "min": 0.05137636806097279,
            "max": 0.05137636806097279,
            "count": 1
        },
        "Ball.Policy.LearningRate.mean": {
            "value": 0.0002924154025281999,
            "min": 0.0002924154025281999,
            "max": 0.0002924154025281999,
            "count": 1
        },
        "Ball.Policy.LearningRate.sum": {
            "value": 0.0002924154025281999,
            "min": 0.0002924154025281999,
            "max": 0.0002924154025281999,
            "count": 1
        },
        "Ball.Policy.Epsilon.mean": {
            "value": 0.1974718,
            "min": 0.1974718,
            "max": 0.1974718,
            "count": 1
        },
        "Ball.Policy.Epsilon.sum": {
            "value": 0.1974718,
            "min": 0.1974718,
            "max": 0.1974718,
            "count": 1
        },
        "Ball.Policy.Beta.mean": {
            "value": 0.0009749708199999999,
            "min": 0.0009749708199999999,
            "max": 0.0009749708199999999,
            "count": 1
        },
        "Ball.Policy.Beta.sum": {
            "value": 0.0009749708199999999,
            "min": 0.0009749708199999999,
            "max": 0.0009749708199999999,
            "count": 1
        }
    },
    "metadata": {
        "timer_format_version": "0.1.0",
        "start_time_seconds": "1637091188",
        "python_version": "3.6.3 |Anaconda, Inc.| (default, Dec  5 2017, 17:30:25) \n[GCC 4.2.1 Compatible Clang 4.0.1 (tags/RELEASE_401/final)]",
        "command_line_arguments": "/opt/miniconda3/envs/test-ml2/bin/mlagents-learn config/ppo.yaml --run-id=Ball7",
        "mlagents_version": "0.27.0",
        "mlagents_envs_version": "0.27.0",
        "communication_protocol_version": "1.5.0",
        "pytorch_version": "1.8.1",
        "numpy_version": "1.19.5",
        "end_time_seconds": "1637091419"
    },
    "total": 230.79552579199662,
    "count": 1,
    "self": 0.005899918032810092,
    "children": {
        "run_training.setup": {
            "total": 0.016835832968354225,
            "count": 1,
            "self": 0.016835832968354225
        },
        "TrainerController.start_learning": {
            "total": 230.77279004099546,
            "count": 1,
            "self": 0.33290130615932867,
            "children": {
                "TrainerController._reset_env": {
                    "total": 7.362772749969736,
                    "count": 1,
                    "self": 7.362772749969736
                },
                "TrainerController.advance": {
                    "total": 222.93309640185907,
                    "count": 25347,
                    "self": 0.2885190616361797,
                    "children": {
                        "env_step": {
                            "total": 217.8657663463964,
                            "count": 25347,
                            "self": 204.74982815107796,
                            "children": {
                                "SubprocessEnvManager._take_step": {
                                    "total": 12.888488108990714,
                                    "count": 25347,
                                    "self": 0.8027973485295661,
                                    "children": {
                                        "TorchPolicy.evaluate": {
                                            "total": 12.085690760461148,
                                            "count": 25326,
                                            "self": 2.314809785282705,
                                            "children": {
                                                "TorchPolicy.sample_actions": {
                                                    "total": 9.770880975178443,
                                                    "count": 25326,
                                                    "self": 9.770880975178443
                                                }
                                            }
                                        }
                                    }
                                },
                                "workers": {
                                    "total": 0.22745008632773533,
                                    "count": 25346,
                                    "self": 0.0,
                                    "children": {
                                        "worker_root": {
                                            "total": 230.15880009613466,
                                            "count": 25346,
                                            "is_parallel": true,
                                            "self": 39.00970813498134,
                                            "children": {
                                                "run_training.setup": {
                                                    "total": 0.0,
                                                    "count": 0,